name,size,status
ds_dump_SX_1.jl.gz,998,done
ds_dump_BL_1.jl.gz,11718,done
ds_dump_MF_1.jl.gz,16964,done
ds_dump_BQ_1.jl.gz,17179,done
ds_dump_BV_1.jl.gz,37624,done
ds_dump_HM_1.jl.gz,42868,done
ds_dump_GS_1.jl.gz,80194,done
ds_dump_KP_1.jl.gz,104831,done
ds_dump_PN_1.jl.gz,126548,done
ds_dump_TK_1.jl.gz,133382,done
ds_dump_CC_1.jl.gz,143374,done
ds_dump_CW_1.jl.gz,179847,done
ds_dump_SJ_1.jl.gz,210935,done
ds_dump_NF_1.jl.gz,228625,done
ds_dump_TF_1.jl.gz,230272,done
ds_dump_NU_1.jl.gz,235715,done
ds_dump_CX_1.jl.gz,268962,done
ds_dump_EH_1.jl.gz,281156,done
ds_dump_WF_1.jl.gz,293958,done
ds_dump_GW_1.jl.gz,327747,done
ds_dump_AX_1.jl.gz,330399,done
ds_dump_TV_1.jl.gz,344456,done
ds_dump_PM_1.jl.gz,362700,done
ds_dump_NR_1.jl.gz,424974,done
ds_dump_MS_1.jl.gz,433870,done
ds_dump_SH_1.jl.gz,447516,done
ds_dump_IO_1.jl.gz,476624,done
ds_dump_FK_1.jl.gz,606525,done
ds_dump_VA_1.jl.gz,619451,done
ds_dump_TL_1.jl.gz,637731,done
ds_dump_YU_1.jl.gz,726673,done
ds_dump_PW_1.jl.gz,737387,done
ds_dump_KI_1.jl.gz,813463,done
ds_dump_MP_1.jl.gz,882883,done
ds_dump_AQ_1.jl.gz,994591,done
ds_dump_AS_1.jl.gz,1049009,no search file
ds_dump_CK_1.jl.gz,1077982,done
ds_dump_ST_1.jl.gz,1079743,done
ds_dump_MH_1.jl.gz,1149451,done
ds_dump_YT_1.jl.gz,1300620,done
ds_dump_ER_1.jl.gz,1372108,done
ds_dump_CS_1.jl.gz,1414211,done
ds_dump_FM_1.jl.gz,1444616,done
ds_dump_CB_1.jl.gz,1459638,done
ds_dump_KM_1.jl.gz,1638497,done
ds_dump_AI_1.jl.gz,1721588,done
ds_dump_TO_1.jl.gz,1937641,done
ds_dump_WS_1.jl.gz,1991314,done
ds_dump_SM_1.jl.gz,2417291,done
ds_dump_SB_1.jl.gz,2546115,done
ds_dump_SS_1.jl.gz,2608211,done
ds_dump_VU_1.jl.gz,2623413,done
ds_dump_FO_1.jl.gz,3061038,done
ds_dump_DM_1.jl.gz,3137465,done
ds_dump_KN_1.jl.gz,3631588,done
ds_dump_TC_1.jl.gz,3679995,done
ds_dump_GF_1.jl.gz,3712393,done
ds_dump_GL_1.jl.gz,3725325,done
ds_dump_CF_1.jl.gz,3741585,done
ds_dump_VG_1.jl.gz,3802066,done
ds_dump_LI_1.jl.gz,3874694,done
ds_dump_TP_1.jl.gz,3888428,done
ds_dump_VC_1.jl.gz,3899133,done
ds_dump_KO_1.jl.gz,4226176,done
ds_dump_JE_1.jl.gz,4435855,done
ds_dump_CG_1.jl.gz,4614101,done
ds_dump_VI_1.jl.gz,4701565,done
ds_dump_DJ_1.jl.gz,4720328,done
ds_dump_GD_1.jl.gz,4873868,done
ds_dump_GQ_1.jl.gz,5146054,done
ds_dump_GG_1.jl.gz,5497247,done
ds_dump_AG_1.jl.gz,5606321,done
ds_dump_TM_1.jl.gz,5884039,done
ds_dump_SC_1.jl.gz,5999991,done
ds_dump_TJ_1.jl.gz,6493405,done
ds_dump_IM_1.jl.gz,6619394,done
ds_dump_CV_1.jl.gz,6748877,nan
ds_dump_BI_1.jl.gz,7061674,nan
ds_dump_BT_1.jl.gz,7242329,nan
ds_dump_TD_1.jl.gz,7709894,nan
ds_dump_PF_1.jl.gz,7767473,nan
ds_dump_LC_1.jl.gz,8064934,nan
ds_dump_MR_1.jl.gz,8249178,nan
ds_dump_LS_1.jl.gz,8327755,nan
ds_dump_GM_1.jl.gz,8361434,nan
ds_dump_SO_1.jl.gz,8580693,nan
ds_dump_GI_1.jl.gz,8585256,nan
ds_dump_GY_1.jl.gz,8809498,nan
ds_dump_BZ_1.jl.gz,9235152,nan
ds_dump_GU_1.jl.gz,9259860,nan
ds_dump_LA_1.jl.gz,9449648,nan
ds_dump_AW_1.jl.gz,9615693,nan
ds_dump_NE_1.jl.gz,9947148,nan
ds_dump_MQ_1.jl.gz,10036942,nan
ds_dump_SZ_1.jl.gz,10749893,nan
ds_dump_GP_1.jl.gz,11231331,nan
ds_dump_SR_1.jl.gz,11335983,nan
ds_dump_KY_1.jl.gz,11585864,nan
ds_dump_NC_1.jl.gz,11854659,nan
ds_dump_GN_1.jl.gz,12540752,nan
ds_dump_KG_1.jl.gz,12572293,nan
ds_dump_SL_1.jl.gz,13418786,nan
ds_dump_MC_1.jl.gz,13749761,nan
ds_dump_ME_1.jl.gz,14164987,nan
ds_dump_BM_1.jl.gz,14981314,nan
ds_dump_LR_1.jl.gz,15779984,nan
ds_dump_BN_1.jl.gz,15909293,nan
ds_dump_TG_1.jl.gz,16425434,nan
ds_dump_RE_1.jl.gz,16493753,nan
ds_dump_GA_1.jl.gz,18253848,nan
ds_dump_MV_1.jl.gz,18411489,nan
ds_dump_MO_1.jl.gz,19339303,nan
ds_dump_MN_1.jl.gz,19766001,nan
ds_dump_ML_1.jl.gz,20136094,nan
ds_dump_AN_1.jl.gz,20394305,nan
ds_dump_CU_1.jl.gz,21100080,nan
ds_dump_FJ_1.jl.gz,22907818,nan
ds_dump_MG_1.jl.gz,24074145,nan
ds_dump_BB_1.jl.gz,24564144,nan
ds_dump_YE_1.jl.gz,24972985,nan
ds_dump_BJ_1.jl.gz,25225767,nan
ds_dump_LY_1.jl.gz,25698870,nan
ds_dump_HT_1.jl.gz,26244655,nan
ds_dump_BS_1.jl.gz,26660601,nan
ds_dump_RW_1.jl.gz,26688007,nan
ds_dump_BF_1.jl.gz,27382359,nan
ds_dump_MW_1.jl.gz,28130816,nan
ds_dump_MD_1.jl.gz,29010265,nan
ds_dump_NA_1.jl.gz,35622292,nan
ds_dump_PS_1.jl.gz,35853629,nan
ds_dump_XX_1.jl.gz,37374842,nan
ds_dump_IS_1.jl.gz,38095223,nan
ds_dump_SY_1.jl.gz,40214954,nan
ds_dump_AM_1.jl.gz,40731689,nan
ds_dump_PG_1.jl.gz,41725285,nan
ds_dump_GE_1.jl.gz,42031326,nan
ds_dump_MM_1.jl.gz,43928059,nan
ds_dump_MZ_1.jl.gz,46812367,nan
ds_dump_EE_1.jl.gz,47665180,nan
ds_dump_BA_1.jl.gz,48619061,nan
ds_dump_PL_2.jl.gz,49078045,nan
ds_dump_MY_2.jl.gz,49409722,nan
ds_dump_MU_1.jl.gz,51561855,nan
ds_dump_NI_1.jl.gz,51638587,nan
ds_dump_MK_1.jl.gz,51749145,nan
ds_dump_BW_1.jl.gz,52318513,nan
ds_dump_KH_1.jl.gz,53008981,nan
ds_dump_SD_1.jl.gz,53879830,nan
ds_dump_HN_1.jl.gz,54377662,nan
ds_dump_PY_1.jl.gz,55864146,nan
ds_dump_MT_1.jl.gz,55893329,nan
ds_dump_AL_1.jl.gz,58229977,nan
ds_dump_CD_1.jl.gz,60838123,nan
ds_dump_ET_1.jl.gz,61377239,nan
ds_dump_AF_1.jl.gz,66224691,nan
ds_dump_ZM_1.jl.gz,71398821,nan
ds_dump_LV_1.jl.gz,71702633,nan
ds_dump_SN_1.jl.gz,73348334,nan
ds_dump_SV_1.jl.gz,74010939,nan
ds_dump_AZ_1.jl.gz,77439945,nan
ds_dump_IQ_1.jl.gz,80858360,nan
ds_dump_JM_1.jl.gz,81081712,nan
ds_dump_CY_1.jl.gz,82441690,nan
ds_dump_AO_1.jl.gz,82759609,nan
ds_dump_TT_1.jl.gz,84274307,nan
ds_dump_NP_1.jl.gz,85322064,nan
ds_dump_CI_1.jl.gz,85901882,nan
ds_dump_CM_1.jl.gz,86114053,nan
ds_dump_BO_1.jl.gz,90527195,nan
ds_dump_SI_1.jl.gz,90546939,nan
ds_dump_LT_1.jl.gz,92206708,nan
ds_dump_BY_1.jl.gz,92800596,nan
ds_dump_ZW_1.jl.gz,94554685,nan
ds_dump_LU_1.jl.gz,98083154,nan
ds_dump_BH_1.jl.gz,99144194,nan
ds_dump_TZ_1.jl.gz,104058954,nan
ds_dump_SA_2.jl.gz,106648369,nan
ds_dump_IE_2.jl.gz,106852538,nan
ds_dump_UG_1.jl.gz,111110266,nan
ds_dump_GT_1.jl.gz,116173274,nan
ds_dump_OO_1.jl.gz,124286369,nan
ds_dump_OM_1.jl.gz,127252969,nan
ds_dump_DE_4.jl.gz,130168415,nan
ds_dump_KZ_1.jl.gz,132261593,nan
ds_dump_KW_1.jl.gz,146612948,nan
ds_dump_SK_1.jl.gz,150744137,nan
ds_dump_PA_1.jl.gz,151952729,nan
ds_dump_DO_1.jl.gz,151990729,nan
ds_dump_HR_1.jl.gz,157656339,nan
ds_dump_PR_1.jl.gz,162566691,nan
ds_dump_PT_2.jl.gz,165894467,nan
ds_dump_TN_1.jl.gz,173624657,nan
ds_dump_LB_1.jl.gz,177405627,nan
ds_dump_JO_1.jl.gz,181578415,nan
ds_dump_LK_1.jl.gz,195981547,nan
ds_dump_GH_1.jl.gz,196630627,nan
ds_dump_CR_1.jl.gz,204141572,nan
ds_dump_RS_1.jl.gz,212443802,nan
ds_dump_DZ_1.jl.gz,213120678,nan
ds_dump_IT_6.jl.gz,229263227,nan
ds_dump_BG_1.jl.gz,233193738,nan
ds_dump_PE_2.jl.gz,233347238,nan
ds_dump_SG_2.jl.gz,236196320,nan
ds_dump_ES_6.jl.gz,244235098,nan
ds_dump_PH_2.jl.gz,244556242,nan
ds_dump_HU_1.jl.gz,256704644,nan
ds_dump_VN_1.jl.gz,274275323,nan
ds_dump_QA_1.jl.gz,284977529,nan
ds_dump_AT_1.jl.gz,305113011,nan
ds_dump_MA_1.jl.gz,306427502,nan
ds_dump_CH_2.jl.gz,318092072,nan
ds_dump_TW_1.jl.gz,322113372,nan
ds_dump_TH_1.jl.gz,324350100,nan
ds_dump_KR_1.jl.gz,325347088,nan
ds_dump_EC_1.jl.gz,325955869,nan
ds_dump_IN_3.jl.gz,330763933,nan
ds_dump_KE_1.jl.gz,383321844,nan
ds_dump_BD_1.jl.gz,396123081,nan
ds_dump_FI_1.jl.gz,411476802,nan
ds_dump_PK_2.jl.gz,427801255,nan
ds_dump_AE_3.jl.gz,432006910,nan
ds_dump_JP_1.jl.gz,440732778,nan
ds_dump_HK_1.jl.gz,444601553,nan
ds_dump_CA_1.jl.gz,445846335,nan
ds_dump_ZA_3.jl.gz,447287416,nan
ds_dump_CA_2.jl.gz,447828870,nan
ds_dump_CA_3.jl.gz,448045588,nan
ds_dump_CA_4.jl.gz,448091326,nan
ds_dump_CA_5.jl.gz,448169001,nan
ds_dump_CA_6.jl.gz,448316187,nan
ds_dump_CA_7.jl.gz,448352523,nan
ds_dump_CA_8.jl.gz,448435139,nan
ds_dump_CA_9.jl.gz,448460873,nan
ds_dump_CA_10.jl.gz,448856714,nan
ds_dump_CA_11.jl.gz,448889852,nan
ds_dump_CA_12.jl.gz,449083123,nan
ds_dump_CA_13.jl.gz,449131433,nan
ds_dump_CA_14.jl.gz,449173745,nan
ds_dump_CA_15.jl.gz,449212596,nan
ds_dump_CA_16.jl.gz,449493947,nan
ds_dump_GR_1.jl.gz,455778000,nan
ds_dump_UA_1.jl.gz,474465128,nan
ds_dump_CZ_1.jl.gz,485814780,nan
ds_dump_US__1.jl.gz,498162306,nan
ds_dump_AR_3.jl.gz,502040640,nan
ds_dump_US__2.jl.gz,503592490,nan
ds_dump_US__3.jl.gz,503944450,nan
ds_dump_US__4.jl.gz,504900328,nan
ds_dump_US__5.jl.gz,505175626,nan
ds_dump_US__6.jl.gz,505176298,nan
ds_dump_US__7.jl.gz,505704583,nan
ds_dump_US__8.jl.gz,505944408,nan
ds_dump_US__9.jl.gz,508603600,nan
ds_dump_IR_1.jl.gz,508857878,nan
ds_dump_US__10.jl.gz,510145047,nan
ds_dump_US__11.jl.gz,510772474,nan
ds_dump_US__12.jl.gz,510979665,nan
ds_dump_US__13.jl.gz,511075144,nan
ds_dump_US__14.jl.gz,513805266,nan
ds_dump_US__15.jl.gz,517812805,nan
ds_dump_US__16.jl.gz,521488277,nan
ds_dump_NL_1.jl.gz,526898447,nan
ds_dump_IL_1.jl.gz,527350333,nan
ds_dump_NL_2.jl.gz,528425814,nan
ds_dump_NL_3.jl.gz,528632344,nan
ds_dump_NL_4.jl.gz,529043658,nan
ds_dump_NL_5.jl.gz,529932735,nan
ds_dump_NL_6.jl.gz,530305672,nan
ds_dump_NL_7.jl.gz,531652660,nan
ds_dump_NL_8.jl.gz,532141967,nan
ds_dump_IN_4.jl.gz,541408313,nan
ds_dump_IN_5.jl.gz,542496716,nan
ds_dump_IN_6.jl.gz,542798206,nan
ds_dump_IN_7.jl.gz,542932782,nan
ds_dump_IN_8.jl.gz,543227080,nan
ds_dump_IN_9.jl.gz,543383265,nan
ds_dump_IN_10.jl.gz,544058832,nan
ds_dump_IN_11.jl.gz,544174129,nan
ds_dump_IN_12.jl.gz,544482436,nan
ds_dump_IN_13.jl.gz,545101582,nan
ds_dump_SE_2.jl.gz,545441589,nan
ds_dump_IN_14.jl.gz,545924585,nan
ds_dump_IN_15.jl.gz,546211733,nan
ds_dump_IN_16.jl.gz,546230807,nan
ds_dump_DK_2.jl.gz,548717961,nan
ds_dump_IN_17.jl.gz,556056376,nan
ds_dump_VE_1.jl.gz,560410079,nan
ds_dump_IN_18.jl.gz,567227235,nan
ds_dump_IN_19.jl.gz,567997772,nan
ds_dump_BR_2.jl.gz,576241584,nan
ds_dump_BR_3.jl.gz,576413012,nan
ds_dump_BR_4.jl.gz,578723486,nan
ds_dump_BR_5.jl.gz,579073466,nan
ds_dump_BR_6.jl.gz,579113048,nan
ds_dump_BR_7.jl.gz,579694189,nan
ds_dump_BR_8.jl.gz,579824581,nan
ds_dump_BR_9.jl.gz,579826769,nan
ds_dump_BR_10.jl.gz,579832076,nan
ds_dump_BR_11.jl.gz,579855573,nan
ds_dump_BR_12.jl.gz,579903504,nan
ds_dump_BR_13.jl.gz,579983596,nan
ds_dump_BR_14.jl.gz,579985019,nan
ds_dump_BR_15.jl.gz,580295051,nan
ds_dump_BR_16.jl.gz,580848153,nan
ds_dump_CL_2.jl.gz,586404842,nan
ds_dump_ID_2.jl.gz,587360529,nan
ds_dump_AU_1.jl.gz,607351104,nan
ds_dump_AU_2.jl.gz,607937758,nan
ds_dump_AU_3.jl.gz,608844240,nan
ds_dump_AU_4.jl.gz,609822910,nan
ds_dump_AU_5.jl.gz,610571841,nan
ds_dump_AU_6.jl.gz,610716791,nan
ds_dump_MX_1.jl.gz,610806637,nan
ds_dump_AU_7.jl.gz,610954399,nan
ds_dump_AU_8.jl.gz,611529286,nan
ds_dump_MX_2.jl.gz,611927723,nan
ds_dump_MX_3.jl.gz,613508347,nan
ds_dump_FR_1.jl.gz,614297991,nan
ds_dump_FR_2.jl.gz,614826886,nan
ds_dump_FR_3.jl.gz,615186621,nan
ds_dump_FR_4.jl.gz,615806983,nan
ds_dump_FR_5.jl.gz,616167468,nan
ds_dump_MX_4.jl.gz,616447274,nan
ds_dump_FR_6.jl.gz,616630314,nan
ds_dump_FR_7.jl.gz,617167174,nan
ds_dump_FR_8.jl.gz,618369545,nan
ds_dump_RO_1.jl.gz,625665420,nan
ds_dump_DE_1.jl.gz,645020896,nan
ds_dump_AE_2.jl.gz,646665276,nan
ds_dump_DE_2.jl.gz,646771555,nan
ds_dump_DE_3.jl.gz,648342628,nan
ds_dump_US__17.jl.gz,654486320,nan
ds_dump_US__18.jl.gz,654621979,nan
ds_dump_US__19.jl.gz,654783646,nan
ds_dump_US__20.jl.gz,654820132,nan
ds_dump_US__21.jl.gz,655152400,nan
ds_dump_US__22.jl.gz,655174550,nan
ds_dump_US__23.jl.gz,655203984,nan
ds_dump_US__24.jl.gz,655304242,nan
ds_dump_US__25.jl.gz,655367310,nan
ds_dump_US__26.jl.gz,655481026,nan
ds_dump_US__27.jl.gz,655500051,nan
ds_dump_US__28.jl.gz,655600240,nan
ds_dump_US__29.jl.gz,655792737,nan
ds_dump_US__30.jl.gz,655798495,nan
ds_dump_US_31.jl.gz,656187096,nan
ds_dump_CN_1.jl.gz,656359698,nan
ds_dump_IN_2.jl.gz,656655450,nan
ds_dump_US_32.jl.gz,657016654,nan
ds_dump_CN_2.jl.gz,657568019,nan
ds_dump_CN_3.jl.gz,659325121,nan
ds_dump_CN_4.jl.gz,661112023,nan
ds_dump_US_33.jl.gz,662771867,nan
ds_dump_US_34.jl.gz,662866626,nan
ds_dump_US_35.jl.gz,663423663,nan
ds_dump_US_36.jl.gz,663507358,nan
ds_dump_US_37.jl.gz,663520728,nan
ds_dump_US_38.jl.gz,663533898,nan
ds_dump_US_39.jl.gz,663656845,nan
ds_dump_US_40.jl.gz,663667852,nan
ds_dump_ZA_1.jl.gz,663854476,nan
ds_dump_US_41.jl.gz,663905110,nan
ds_dump_US_42.jl.gz,663981801,nan
ds_dump_US_43.jl.gz,664315892,nan
ds_dump_US_44.jl.gz,664480717,nan
ds_dump_US_45.jl.gz,664537971,nan
ds_dump_US_46.jl.gz,664898262,nan
ds_dump_US_47.jl.gz,665008997,nan
ds_dump_US_48.jl.gz,665099969,nan
ds_dump_ZA_2.jl.gz,668244106,nan
ds_dump_BR_1.jl.gz,670785007,nan
ds_dump_NO_1.jl.gz,672005278,nan
ds_dump_US_49.jl.gz,676381245,nan
ds_dump_US_50.jl.gz,676562419,nan
ds_dump_US_51.jl.gz,677572947,nan
ds_dump_US_52.jl.gz,677667001,nan
ds_dump_US_53.jl.gz,677963602,nan
ds_dump_US_54.jl.gz,678015193,nan
ds_dump_US_55.jl.gz,678142228,nan
ds_dump_US_56.jl.gz,678246236,nan
ds_dump_US_57.jl.gz,678286986,nan
ds_dump_US_58.jl.gz,678405048,nan
ds_dump_US_59.jl.gz,678419929,nan
ds_dump_US_60.jl.gz,678652785,nan
ds_dump_US_61.jl.gz,678661080,nan
ds_dump_US_62.jl.gz,678800569,nan
ds_dump_US_63.jl.gz,678844479,nan
ds_dump_US_64.jl.gz,678876912,nan
ds_dump_US_65.jl.gz,679153245,nan
ds_dump_US_66.jl.gz,679205304,nan
ds_dump_US_67.jl.gz,679345691,nan
ds_dump_US_68.jl.gz,679405626,nan
ds_dump_US_69.jl.gz,679405886,nan
ds_dump_US_70.jl.gz,679608875,nan
ds_dump_US_71.jl.gz,679744311,nan
ds_dump_US_72.jl.gz,679899037,nan
ds_dump_US_73.jl.gz,680113501,nan
ds_dump_US_74.jl.gz,680172531,nan
ds_dump_US_75.jl.gz,680199671,nan
ds_dump_EG_1.jl.gz,680211470,nan
ds_dump_US_76.jl.gz,680430586,nan
ds_dump_US_77.jl.gz,680633536,nan
ds_dump_US_78.jl.gz,680637781,nan
ds_dump_US_79.jl.gz,680641861,nan
ds_dump_US_80.jl.gz,680734843,nan
ds_dump_US_81.jl.gz,681045534,nan
ds_dump_US_82.jl.gz,681073702,nan
ds_dump_US_83.jl.gz,681204369,nan
ds_dump_US_84.jl.gz,681208607,nan
ds_dump_US_85.jl.gz,681393448,nan
ds_dump_US_86.jl.gz,681778438,nan
ds_dump_US_87.jl.gz,682170984,nan
ds_dump_US_88.jl.gz,682440557,nan
ds_dump_US_89.jl.gz,682589437,nan
ds_dump_IT_1.jl.gz,682695763,nan
ds_dump_US_90.jl.gz,682919050,nan
ds_dump_US_91.jl.gz,682960401,nan
ds_dump_US_92.jl.gz,683115222,nan
ds_dump_US_93.jl.gz,683350244,nan
ds_dump_US_94.jl.gz,683697504,nan
ds_dump_IT_2.jl.gz,683758227,nan
ds_dump_US_95.jl.gz,684256416,nan
ds_dump_US_96.jl.gz,684558555,nan
ds_dump_IT_3.jl.gz,685001226,nan
ds_dump_IT_4.jl.gz,685526845,nan
ds_dump_CO_1.jl.gz,686495235,nan
ds_dump_IT_5.jl.gz,687054686,nan
ds_dump_CO_2.jl.gz,691010577,nan
ds_dump_SE_1.jl.gz,695640248,nan
ds_dump_PE_1.jl.gz,696090025,nan
ds_dump_CH_1.jl.gz,696449607,nan
ds_dump_DK_1.jl.gz,699490884,nan
ds_dump_IN_1.jl.gz,700924248,nan
ds_dump_SG_1.jl.gz,702783360,nan
ds_dump_PK_1.jl.gz,705586245,nan
ds_dump_BE_1.jl.gz,710532287,nan
ds_dump_PT_1.jl.gz,712149979,nan
ds_dump_NG_1.jl.gz,712179168,nan
ds_dump_UK_1.jl.gz,714975799,nan
ds_dump_UK_2.jl.gz,717189781,nan
ds_dump_UK_3.jl.gz,717474791,nan
ds_dump_UK_4.jl.gz,717679807,nan
ds_dump_UK_5.jl.gz,717684701,nan
ds_dump_UK_6.jl.gz,717971701,nan
ds_dump_UK_7.jl.gz,718050847,nan
ds_dump_UK_8.jl.gz,718195492,nan
ds_dump_UK_9.jl.gz,718209238,nan
ds_dump_UK_10.jl.gz,718227299,nan
ds_dump_BE_2.jl.gz,718293975,nan
ds_dump_UK_11.jl.gz,718755285,nan
ds_dump_UK_12.jl.gz,718819927,nan
ds_dump_UK_13.jl.gz,718961246,nan
ds_dump_UK_14.jl.gz,719632287,nan
ds_dump_UK_15.jl.gz,719919158,nan
ds_dump_UK_16.jl.gz,720293091,nan
ds_dump_ES_1.jl.gz,725239983,nan
ds_dump_NZ_1.jl.gz,725532198,nan
ds_dump_TR_1.jl.gz,726169179,nan
ds_dump_ES_2.jl.gz,727083024,nan
ds_dump_ES_3.jl.gz,728482244,nan
ds_dump_ES_4.jl.gz,729044321,nan
ds_dump_PH_1.jl.gz,729505696,nan
ds_dump_TR_2.jl.gz,729615265,nan
ds_dump_PL_1.jl.gz,730191280,nan
ds_dump_ES_5.jl.gz,730347672,nan
ds_dump_MY_1.jl.gz,733660801,nan
ds_dump_SA_1.jl.gz,737090832,nan
ds_dump_IE_1.jl.gz,740228150,nan
ds_dump_RU_1.jl.gz,745885514,nan
ds_dump_AR_1.jl.gz,746062406,nan
ds_dump_CL_1.jl.gz,748406746,nan
ds_dump_ID_1.jl.gz,749429994,nan
ds_dump_AR_2.jl.gz,749519517,nan
ds_dump_RU_2.jl.gz,749898032,nan